"participantID"	"GSM"	"GE_name"	"subtype"	"bioSampleID"
"1"	"SUB114450.80"	"GSM1147760"	"SUB114450_d70"	"200.Blood.RNA-MicroArray.PV4269"	"200"
"2"	"SUB114450.80"	"GSM1147758"	"SUB114450_d0"	NA	"200"
"3"	"SUB114450.80"	"GSM1147761"	"SUB114450_d7"	"200.Blood.RNA-MicroArray.PV4268"	"200"
"4"	"SUB114450.80"	"GSM1147762"	"SUB114450_dneg7"	"200.Blood.RNA-MicroArray.PV4267"	"200"
"5"	"SUB114450.80"	"GSM1147759"	"SUB114450_d1"	NA	"200"
"6"	"SUB114451.80"	"GSM1147767"	"SUB114451_dneg7"	"201.Blood.RNA-MicroArray.PV4267"	"201"
"7"	"SUB114451.80"	"GSM1147766"	"SUB114451_d7"	"201.Blood.RNA-MicroArray.PV4268"	"201"
"8"	"SUB114451.80"	"GSM1147763"	"SUB114451_d0"	NA	"201"
"9"	"SUB114451.80"	"GSM1147765"	"SUB114451_d70"	"201.Blood.RNA-MicroArray.PV4269"	"201"
"10"	"SUB114451.80"	"GSM1147764"	"SUB114451_d1"	NA	"201"
"11"	"SUB114452.80"	"GSM1147769"	"SUB114452_d1"	NA	"202"
"12"	"SUB114452.80"	"GSM1147770"	"SUB114452_d70"	"202.Blood.RNA-MicroArray.PV4269"	"202"
"13"	"SUB114452.80"	"GSM1147768"	"SUB114452_d0"	NA	"202"
"14"	"SUB114452.80"	"GSM1147772"	"SUB114452_dneg7"	"202.Blood.RNA-MicroArray.PV4267"	"202"
"15"	"SUB114452.80"	"GSM1147771"	"SUB114452_d7"	"202.Blood.RNA-MicroArray.PV4268"	"202"
"16"	"SUB114453.80"	"GSM1147776"	"SUB114453_d7"	"204.Blood.RNA-MicroArray.PV4268"	"204"
"17"	"SUB114453.80"	"GSM1147773"	"SUB114453_d0"	NA	"204"
"18"	"SUB114453.80"	"GSM1147777"	"SUB114453_dneg7"	"204.Blood.RNA-MicroArray.PV4267"	"204"
"19"	"SUB114453.80"	"GSM1147774"	"SUB114453_d1"	NA	"204"
"20"	"SUB114453.80"	"GSM1147775"	"SUB114453_d70"	"204.Blood.RNA-MicroArray.PV4269"	"204"
"21"	"SUB114454.80"	"GSM1147778"	"SUB114454_d0"	NA	"205"
"22"	"SUB114454.80"	"GSM1147781"	"SUB114454_d7"	"205.Blood.RNA-MicroArray.PV4268"	"205"
"23"	"SUB114454.80"	"GSM1147780"	"SUB114454_d70"	"205.Blood.RNA-MicroArray.PV4269"	"205"
"24"	"SUB114454.80"	"GSM1147779"	"SUB114454_d1"	NA	"205"
"25"	"SUB114454.80"	"GSM1147782"	"SUB114454_dneg7"	"205.Blood.RNA-MicroArray.PV4267"	"205"
"26"	"SUB114455.80"	"GSM1147786"	"SUB114455_d7"	"206.Blood.RNA-MicroArray.PV4268"	"206"
"27"	"SUB114455.80"	"GSM1147783"	"SUB114455_d0"	NA	"206"
"28"	"SUB114455.80"	"GSM1147785"	"SUB114455_d70"	"206.Blood.RNA-MicroArray.PV4269"	"206"
"29"	"SUB114455.80"	"GSM1147787"	"SUB114455_dneg7"	"206.Blood.RNA-MicroArray.PV4267"	"206"
"30"	"SUB114455.80"	"GSM1147784"	"SUB114455_d1"	NA	"206"
"31"	"SUB114456.80"	"GSM1147788"	"SUB114456_d0"	NA	"207"
"32"	"SUB114456.80"	"GSM1147790"	"SUB114456_d70"	"207.Blood.RNA-MicroArray.PV4269"	"207"
"33"	"SUB114456.80"	"GSM1147789"	"SUB114456_d1"	NA	"207"
"34"	"SUB114456.80"	"GSM1147791"	"SUB114456_dneg7"	"207.Blood.RNA-MicroArray.PV4267"	"207"
"35"	"SUB114457.80"	"GSM1147794"	"SUB114457_d70"	"209.Blood.RNA-MicroArray.PV4269"	"209"
"36"	"SUB114457.80"	"GSM1147793"	"SUB114457_d1"	NA	"209"
"37"	"SUB114457.80"	"GSM1147792"	"SUB114457_d0"	NA	"209"
"38"	"SUB114457.80"	"GSM1147795"	"SUB114457_dneg7"	"209.Blood.RNA-MicroArray.PV4267"	"209"
"39"	"SUB114458.80"	"GSM1147796"	"SUB114458_d0"	NA	"212"
"40"	"SUB114458.80"	"GSM1147800"	"SUB114458_dneg7"	"212.Blood.RNA-MicroArray.PV4267"	"212"
"41"	"SUB114458.80"	"GSM1147797"	"SUB114458_d1"	NA	"212"
"42"	"SUB114458.80"	"GSM1147798"	"SUB114458_d70"	"212.Blood.RNA-MicroArray.PV4269"	"212"
"43"	"SUB114458.80"	"GSM1147799"	"SUB114458_d7"	"212.Blood.RNA-MicroArray.PV4268"	"212"
"44"	"SUB114459.80"	"GSM1147805"	"SUB114459_dneg7"	"213.Blood.RNA-MicroArray.PV4267"	"213"
"45"	"SUB114459.80"	"GSM1147804"	"SUB114459_d7"	"213.Blood.RNA-MicroArray.PV4268"	"213"
"46"	"SUB114459.80"	"GSM1147801"	"SUB114459_d0"	NA	"213"
"47"	"SUB114459.80"	"GSM1147803"	"SUB114459_d70"	"213.Blood.RNA-MicroArray.PV4269"	"213"
"48"	"SUB114459.80"	"GSM1147802"	"SUB114459_d1"	NA	"213"
"49"	"SUB114460.80"	"GSM1147808"	"SUB114460_d70"	"215.Blood.RNA-MicroArray.PV4269"	"215"
"50"	"SUB114460.80"	"GSM1147810"	"SUB114460_dneg7"	"215.Blood.RNA-MicroArray.PV4267"	"215"
"51"	"SUB114460.80"	"GSM1147806"	"SUB114460_d0"	NA	"215"
"52"	"SUB114460.80"	"GSM1147809"	"SUB114460_d7"	"215.Blood.RNA-MicroArray.PV4268"	"215"
"53"	"SUB114460.80"	"GSM1147807"	"SUB114460_d1"	NA	"215"
"54"	"SUB114461.80"	"GSM1147815"	"SUB114461_dneg7"	"217.Blood.RNA-MicroArray.PV4267"	"217"
"55"	"SUB114461.80"	"GSM1147811"	"SUB114461_d0"	NA	"217"
"56"	"SUB114461.80"	"GSM1147814"	"SUB114461_d7"	"217.Blood.RNA-MicroArray.PV4268"	"217"
"57"	"SUB114461.80"	"GSM1147813"	"SUB114461_d70"	"217.Blood.RNA-MicroArray.PV4269"	"217"
"58"	"SUB114461.80"	"GSM1147812"	"SUB114461_d1"	NA	"217"
"59"	"SUB114462.80"	"GSM1147817"	"SUB114462_d1"	NA	"218"
"60"	"SUB114462.80"	"GSM1147816"	"SUB114462_d0"	NA	"218"
"61"	"SUB114462.80"	"GSM1147820"	"SUB114462_dneg7"	"218.Blood.RNA-MicroArray.PV4267"	"218"
"62"	"SUB114462.80"	"GSM1147818"	"SUB114462_d70"	"218.Blood.RNA-MicroArray.PV4269"	"218"
"63"	"SUB114462.80"	"GSM1147819"	"SUB114462_d7"	"218.Blood.RNA-MicroArray.PV4268"	"218"
"64"	"SUB114463.80"	"GSM1147822"	"SUB114463_d1"	NA	"221"
"65"	"SUB114463.80"	"GSM1147824"	"SUB114463_dneg7"	"221.Blood.RNA-MicroArray.PV4267"	"221"
"66"	"SUB114463.80"	"GSM1147821"	"SUB114463_d0"	NA	"221"
"67"	"SUB114463.80"	"GSM1147823"	"SUB114463_d7"	"221.Blood.RNA-MicroArray.PV4268"	"221"
"68"	"SUB114464.80"	"GSM1147825"	"SUB114464_d0"	NA	"222"
"69"	"SUB114464.80"	"GSM1147828"	"SUB114464_d7"	"222.Blood.RNA-MicroArray.PV4268"	"222"
"70"	"SUB114464.80"	"GSM1147826"	"SUB114464_d1"	NA	"222"
"71"	"SUB114464.80"	"GSM1147827"	"SUB114464_d70"	"222.Blood.RNA-MicroArray.PV4269"	"222"
"72"	"SUB114464.80"	"GSM1147829"	"SUB114464_dneg7"	"222.Blood.RNA-MicroArray.PV4267"	"222"
"73"	"SUB114465.80"	"GSM1147830"	"SUB114465_d1"	NA	"224"
"74"	"SUB114465.80"	"GSM1147833"	"SUB114465_dneg7"	"224.Blood.RNA-MicroArray.PV4267"	"224"
"75"	"SUB114465.80"	"GSM1147831"	"SUB114465_d70"	"224.Blood.RNA-MicroArray.PV4269"	"224"
"76"	"SUB114465.80"	"GSM1147832"	"SUB114465_d7"	"224.Blood.RNA-MicroArray.PV4268"	"224"
"77"	"SUB114466.80"	"GSM1147837"	"SUB114466_d7"	"226.Blood.RNA-MicroArray.PV4268"	"226"
"78"	"SUB114466.80"	"GSM1147836"	"SUB114466_d70"	"226.Blood.RNA-MicroArray.PV4269"	"226"
"79"	"SUB114466.80"	"GSM1147838"	"SUB114466_dneg7"	"226.Blood.RNA-MicroArray.PV4267"	"226"
"80"	"SUB114466.80"	"GSM1147835"	"SUB114466_d1"	NA	"226"
"81"	"SUB114466.80"	"GSM1147834"	"SUB114466_d0"	NA	"226"
"82"	"SUB114467.80"	"GSM1147839"	"SUB114467_d0"	NA	"227"
"83"	"SUB114467.80"	"GSM1147840"	"SUB114467_d1"	NA	"227"
"84"	"SUB114467.80"	"GSM1147843"	"SUB114467_dneg7"	"227.Blood.RNA-MicroArray.PV4267"	"227"
"85"	"SUB114467.80"	"GSM1147842"	"SUB114467_d7"	"227.Blood.RNA-MicroArray.PV4268"	"227"
"86"	"SUB114467.80"	"GSM1147841"	"SUB114467_d70"	"227.Blood.RNA-MicroArray.PV4269"	"227"
"87"	"SUB114468.80"	"GSM1147848"	"SUB114468_dneg7"	"228.Blood.RNA-MicroArray.PV4267"	"228"
"88"	"SUB114468.80"	"GSM1147845"	"SUB114468_d1"	NA	"228"
"89"	"SUB114468.80"	"GSM1147846"	"SUB114468_d70"	"228.Blood.RNA-MicroArray.PV4269"	"228"
"90"	"SUB114468.80"	"GSM1147844"	"SUB114468_d0"	NA	"228"
"91"	"SUB114468.80"	"GSM1147847"	"SUB114468_d7"	"228.Blood.RNA-MicroArray.PV4268"	"228"
"92"	"SUB114469.80"	"GSM1147849"	"SUB114469_d0"	NA	"229"
"93"	"SUB114469.80"	"GSM1147850"	"SUB114469_d1"	NA	"229"
"94"	"SUB114469.80"	"GSM1147852"	"SUB114469_d7"	"229.Blood.RNA-MicroArray.PV4268"	"229"
"95"	"SUB114469.80"	"GSM1147853"	"SUB114469_dneg7"	"229.Blood.RNA-MicroArray.PV4267"	"229"
"96"	"SUB114469.80"	"GSM1147851"	"SUB114469_d70"	"229.Blood.RNA-MicroArray.PV4269"	"229"
"97"	"SUB114470.80"	"GSM1147858"	"SUB114470_dneg7"	"230.Blood.RNA-MicroArray.PV4267"	"230"
"98"	"SUB114470.80"	"GSM1147855"	"SUB114470_d1"	NA	"230"
"99"	"SUB114470.80"	"GSM1147854"	"SUB114470_d0"	NA	"230"
"100"	"SUB114470.80"	"GSM1147857"	"SUB114470_d7"	"230.Blood.RNA-MicroArray.PV4268"	"230"
"101"	"SUB114470.80"	"GSM1147856"	"SUB114470_d70"	"230.Blood.RNA-MicroArray.PV4269"	"230"
"102"	"SUB114471.80"	"GSM1147863"	"SUB114471_dneg7"	"231.Blood.RNA-MicroArray.PV4267"	"231"
"103"	"SUB114471.80"	"GSM1147860"	"SUB114471_d1"	NA	"231"
"104"	"SUB114471.80"	"GSM1147861"	"SUB114471_d70"	"231.Blood.RNA-MicroArray.PV4269"	"231"
"105"	"SUB114471.80"	"GSM1147859"	"SUB114471_d0"	NA	"231"
"106"	"SUB114471.80"	"GSM1147862"	"SUB114471_d7"	"231.Blood.RNA-MicroArray.PV4268"	"231"
"107"	"SUB114472.80"	"GSM1147866"	"SUB114472_d70"	"232.Blood.RNA-MicroArray.PV4269"	"232"
"108"	"SUB114472.80"	"GSM1147864"	"SUB114472_d0"	NA	"232"
"109"	"SUB114472.80"	"GSM1147865"	"SUB114472_d1"	NA	"232"
"110"	"SUB114472.80"	"GSM1147868"	"SUB114472_dneg7"	"232.Blood.RNA-MicroArray.PV4267"	"232"
"111"	"SUB114472.80"	"GSM1147867"	"SUB114472_d7"	"232.Blood.RNA-MicroArray.PV4268"	"232"
"112"	"SUB114473.80"	"GSM1147873"	"SUB114473_dneg7"	"233.Blood.RNA-MicroArray.PV4267"	"233"
"113"	"SUB114473.80"	"GSM1147872"	"SUB114473_d7"	"233.Blood.RNA-MicroArray.PV4268"	"233"
"114"	"SUB114473.80"	"GSM1147869"	"SUB114473_d0"	NA	"233"
"115"	"SUB114473.80"	"GSM1147870"	"SUB114473_d1"	NA	"233"
"116"	"SUB114473.80"	"GSM1147871"	"SUB114473_d70"	"233.Blood.RNA-MicroArray.PV4269"	"233"
"117"	"SUB114474.80"	"GSM1147877"	"SUB114474_d7"	"234.Blood.RNA-MicroArray.PV4268"	"234"
"118"	"SUB114474.80"	"GSM1147874"	"SUB114474_d0"	NA	"234"
"119"	"SUB114474.80"	"GSM1147876"	"SUB114474_d70"	"234.Blood.RNA-MicroArray.PV4269"	"234"
"120"	"SUB114474.80"	"GSM1147878"	"SUB114474_dneg7"	"234.Blood.RNA-MicroArray.PV4267"	"234"
"121"	"SUB114474.80"	"GSM1147875"	"SUB114474_d1"	NA	"234"
"122"	"SUB114475.80"	"GSM1147879"	"SUB114475_d0"	NA	"235"
"123"	"SUB114475.80"	"GSM1147881"	"SUB114475_d70"	"235.Blood.RNA-MicroArray.PV4269"	"235"
"124"	"SUB114475.80"	"GSM1147882"	"SUB114475_d7"	"235.Blood.RNA-MicroArray.PV4268"	"235"
"125"	"SUB114475.80"	"GSM1147883"	"SUB114475_dneg7"	"235.Blood.RNA-MicroArray.PV4267"	"235"
"126"	"SUB114475.80"	"GSM1147880"	"SUB114475_d1"	NA	"235"
"127"	"SUB114476.80"	"GSM1147886"	"SUB114476_d70"	"236.Blood.RNA-MicroArray.PV4269"	"236"
"128"	"SUB114476.80"	"GSM1147884"	"SUB114476_d0"	NA	"236"
"129"	"SUB114476.80"	"GSM1147885"	"SUB114476_d1"	NA	"236"
"130"	"SUB114476.80"	"GSM1147887"	"SUB114476_d7"	"236.Blood.RNA-MicroArray.PV4268"	"236"
"131"	"SUB114477.80"	"GSM1147888"	"SUB114477_d0"	NA	"237"
"132"	"SUB114477.80"	"GSM1147890"	"SUB114477_d7"	"237.Blood.RNA-MicroArray.PV4268"	"237"
"133"	"SUB114477.80"	"GSM1147891"	"SUB114477_dneg7"	"237.Blood.RNA-MicroArray.PV4267"	"237"
"134"	"SUB114477.80"	"GSM1147889"	"SUB114477_d1"	NA	"237"
"135"	"SUB114478.80"	"GSM1147896"	"SUB114478_dneg7"	"241.Blood.RNA-MicroArray.PV4267"	"241"
"136"	"SUB114478.80"	"GSM1147894"	"SUB114478_d70"	"241.Blood.RNA-MicroArray.PV4269"	"241"
"137"	"SUB114478.80"	"GSM1147893"	"SUB114478_d1"	NA	"241"
"138"	"SUB114478.80"	"GSM1147895"	"SUB114478_d7"	"241.Blood.RNA-MicroArray.PV4268"	"241"
"139"	"SUB114478.80"	"GSM1147892"	"SUB114478_d0"	NA	"241"
"140"	"SUB114479.80"	"GSM1147898"	"SUB114479_d70"	"242.Blood.RNA-MicroArray.PV4269"	"242"
"141"	"SUB114479.80"	"GSM1147899"	"SUB114479_d7"	"242.Blood.RNA-MicroArray.PV4268"	"242"
"142"	"SUB114479.80"	"GSM1147897"	"SUB114479_d1"	NA	"242"
"143"	"SUB114480.80"	"GSM1147902"	"SUB114480_d7"	"243.Blood.RNA-MicroArray.PV4268"	"243"
"144"	"SUB114480.80"	"GSM1147901"	"SUB114480_d70"	"243.Blood.RNA-MicroArray.PV4269"	"243"
"145"	"SUB114480.80"	"GSM1147900"	"SUB114480_d1"	NA	"243"
"146"	"SUB114481.80"	"GSM1147905"	"SUB114481_d70"	"244.Blood.RNA-MicroArray.PV4269"	"244"
"147"	"SUB114481.80"	"GSM1147904"	"SUB114481_d1"	NA	"244"
"148"	"SUB114481.80"	"GSM1147906"	"SUB114481_d7"	"244.Blood.RNA-MicroArray.PV4268"	"244"
"149"	"SUB114481.80"	"GSM1147903"	"SUB114481_d0"	NA	"244"
"150"	"SUB114481.80"	"GSM1147907"	"SUB114481_dneg7"	"244.Blood.RNA-MicroArray.PV4267"	"244"
"151"	"SUB114482.80"	"GSM1147911"	"SUB114482_d7"	"245.Blood.RNA-MicroArray.PV4268"	"245"
"152"	"SUB114482.80"	"GSM1147910"	"SUB114482_d70"	"245.Blood.RNA-MicroArray.PV4269"	"245"
"153"	"SUB114482.80"	"GSM1147908"	"SUB114482_d0"	NA	"245"
"154"	"SUB114482.80"	"GSM1147909"	"SUB114482_d1"	NA	"245"
"155"	"SUB114482.80"	"GSM1147912"	"SUB114482_dneg7"	"245.Blood.RNA-MicroArray.PV4267"	"245"
"156"	"SUB114483.80"	"GSM1147914"	"SUB114483_d1"	NA	"246"
"157"	"SUB114483.80"	"GSM1147916"	"SUB114483_d7"	"246.Blood.RNA-MicroArray.PV4268"	"246"
"158"	"SUB114483.80"	"GSM1147917"	"SUB114483_dneg7"	"246.Blood.RNA-MicroArray.PV4267"	"246"
"159"	"SUB114483.80"	"GSM1147915"	"SUB114483_d70"	"246.Blood.RNA-MicroArray.PV4269"	"246"
"160"	"SUB114483.80"	"GSM1147913"	"SUB114483_d0"	NA	"246"
"161"	"SUB114484.80"	"GSM1147920"	"SUB114484_d70"	"247.Blood.RNA-MicroArray.PV4269"	"247"
"162"	"SUB114484.80"	"GSM1147922"	"SUB114484_dneg7"	"247.Blood.RNA-MicroArray.PV4267"	"247"
"163"	"SUB114484.80"	"GSM1147918"	"SUB114484_d0"	NA	"247"
"164"	"SUB114484.80"	"GSM1147919"	"SUB114484_d1"	NA	"247"
"165"	"SUB114484.80"	"GSM1147921"	"SUB114484_d7"	"247.Blood.RNA-MicroArray.PV4268"	"247"
"166"	"SUB114485.80"	"GSM1147923"	"SUB114485_d7"	"248.Blood.RNA-MicroArray.PV4268"	"248"
"167"	"SUB114485.80"	"GSM1147924"	"SUB114485_dneg7"	"248.Blood.RNA-MicroArray.PV4267"	"248"
"168"	"SUB114486.80"	"GSM1147928"	"SUB114486_d7"	"249.Blood.RNA-MicroArray.PV4268"	"249"
"169"	"SUB114486.80"	"GSM1147926"	"SUB114486_d1"	NA	"249"
"170"	"SUB114486.80"	"GSM1147927"	"SUB114486_d70"	"249.Blood.RNA-MicroArray.PV4269"	"249"
"171"	"SUB114486.80"	"GSM1147925"	"SUB114486_d0"	NA	"249"
"172"	"SUB114486.80"	"GSM1147929"	"SUB114486_dneg7"	"249.Blood.RNA-MicroArray.PV4267"	"249"
"173"	"SUB114487.80"	"GSM1147933"	"SUB114487_d7"	"250.Blood.RNA-MicroArray.PV4268"	"250"
"174"	"SUB114487.80"	"GSM1147934"	"SUB114487_dneg7"	"250.Blood.RNA-MicroArray.PV4267"	"250"
"175"	"SUB114487.80"	"GSM1147930"	"SUB114487_d0"	NA	"250"
"176"	"SUB114487.80"	"GSM1147931"	"SUB114487_d1"	NA	"250"
"177"	"SUB114487.80"	"GSM1147932"	"SUB114487_d70"	"250.Blood.RNA-MicroArray.PV4269"	"250"
"178"	"SUB114488.80"	"GSM1147939"	"SUB114488_dneg7"	"251.Blood.RNA-MicroArray.PV4267"	"251"
"179"	"SUB114488.80"	"GSM1147935"	"SUB114488_d0"	NA	"251"
"180"	"SUB114488.80"	"GSM1147937"	"SUB114488_d70"	"251.Blood.RNA-MicroArray.PV4269"	"251"
"181"	"SUB114488.80"	"GSM1147936"	"SUB114488_d1"	NA	"251"
"182"	"SUB114488.80"	"GSM1147938"	"SUB114488_d7"	"251.Blood.RNA-MicroArray.PV4268"	"251"
"183"	"SUB114489.80"	"GSM1147941"	"SUB114489_d1"	NA	"252"
"184"	"SUB114489.80"	"GSM1147940"	"SUB114489_d0"	NA	"252"
"185"	"SUB114489.80"	"GSM1147943"	"SUB114489_d7"	"252.Blood.RNA-MicroArray.PV4268"	"252"
"186"	"SUB114489.80"	"GSM1147942"	"SUB114489_d70"	"252.Blood.RNA-MicroArray.PV4269"	"252"
"187"	"SUB114489.80"	"GSM1147944"	"SUB114489_dneg7"	"252.Blood.RNA-MicroArray.PV4267"	"252"
"188"	"SUB114490.80"	"GSM1147945"	"SUB114490_d0"	NA	"254"
"189"	"SUB114490.80"	"GSM1147946"	"SUB114490_d1"	NA	"254"
"190"	"SUB114490.80"	"GSM1147948"	"SUB114490_d7"	"254.Blood.RNA-MicroArray.PV4268"	"254"
"191"	"SUB114490.80"	"GSM1147947"	"SUB114490_d70"	"254.Blood.RNA-MicroArray.PV4269"	"254"
"192"	"SUB114490.80"	"GSM1147949"	"SUB114490_dneg7"	"254.Blood.RNA-MicroArray.PV4267"	"254"
"193"	"SUB114491.80"	"GSM1147950"	"SUB114491_d0"	NA	"256"
"194"	"SUB114491.80"	"GSM1147953"	"SUB114491_d7"	"256.Blood.RNA-MicroArray.PV4268"	"256"
"195"	"SUB114491.80"	"GSM1147951"	"SUB114491_d1"	NA	"256"
"196"	"SUB114491.80"	"GSM1147952"	"SUB114491_d70"	"256.Blood.RNA-MicroArray.PV4269"	"256"
"197"	"SUB114491.80"	"GSM1147954"	"SUB114491_dneg7"	"256.Blood.RNA-MicroArray.PV4267"	"256"
"198"	"SUB114492.80"	"GSM1147958"	"SUB114492_d7"	"257.Blood.RNA-MicroArray.PV4268"	"257"
"199"	"SUB114492.80"	"GSM1147957"	"SUB114492_d70"	"257.Blood.RNA-MicroArray.PV4269"	"257"
"200"	"SUB114492.80"	"GSM1147955"	"SUB114492_d0"	NA	"257"
"201"	"SUB114492.80"	"GSM1147956"	"SUB114492_d1"	NA	"257"
"202"	"SUB114492.80"	"GSM1147959"	"SUB114492_dneg7"	"257.Blood.RNA-MicroArray.PV4267"	"257"
"203"	"SUB114493.80"	"GSM1147964"	"SUB114493_dneg7"	"259.Blood.RNA-MicroArray.PV4267"	"259"
"204"	"SUB114493.80"	"GSM1147963"	"SUB114493_d7"	"259.Blood.RNA-MicroArray.PV4268"	"259"
"205"	"SUB114493.80"	"GSM1147962"	"SUB114493_d70"	"259.Blood.RNA-MicroArray.PV4269"	"259"
"206"	"SUB114493.80"	"GSM1147961"	"SUB114493_d1"	NA	"259"
"207"	"SUB114493.80"	"GSM1147960"	"SUB114493_d0"	NA	"259"
"208"	"SUB114494.80"	"GSM1147965"	"SUB114494_d0"	NA	"260"
"209"	"SUB114494.80"	"GSM1147967"	"SUB114494_d70"	"260.Blood.RNA-MicroArray.PV4269"	"260"
"210"	"SUB114494.80"	"GSM1147966"	"SUB114494_d1"	NA	"260"
"211"	"SUB114494.80"	"GSM1147969"	"SUB114494_dneg7"	"260.Blood.RNA-MicroArray.PV4267"	"260"
"212"	"SUB114494.80"	"GSM1147968"	"SUB114494_d7"	"260.Blood.RNA-MicroArray.PV4268"	"260"
"213"	"SUB114495.80"	"GSM1147973"	"SUB114495_d7"	"261.Blood.RNA-MicroArray.PV4268"	"261"
"214"	"SUB114495.80"	"GSM1147970"	"SUB114495_d0"	NA	"261"
"215"	"SUB114495.80"	"GSM1147972"	"SUB114495_d70"	"261.Blood.RNA-MicroArray.PV4269"	"261"
"216"	"SUB114495.80"	"GSM1147974"	"SUB114495_dneg7"	"261.Blood.RNA-MicroArray.PV4267"	"261"
"217"	"SUB114495.80"	"GSM1147971"	"SUB114495_d1"	NA	"261"
"218"	"SUB114496.80"	"GSM1147975"	"SUB114496_dneg7"	"262.Blood.RNA-MicroArray.PV4267"	"262"
"219"	"SUB114497.80"	"GSM1147978"	"SUB114497_d70"	"263.Blood.RNA-MicroArray.PV4269"	"263"
"220"	"SUB114497.80"	"GSM1147980"	"SUB114497_dneg7"	"263.Blood.RNA-MicroArray.PV4267"	"263"
"221"	"SUB114497.80"	"GSM1147977"	"SUB114497_d1"	NA	"263"
"222"	"SUB114497.80"	"GSM1147976"	"SUB114497_d0"	NA	"263"
"223"	"SUB114497.80"	"GSM1147979"	"SUB114497_d7"	"263.Blood.RNA-MicroArray.PV4268"	"263"
"224"	"SUB114498.80"	"GSM1147983"	"SUB114498_d70"	"265.Blood.RNA-MicroArray.PV4269"	"265"
"225"	"SUB114498.80"	"GSM1147982"	"SUB114498_d1"	NA	"265"
"226"	"SUB114498.80"	"GSM1147984"	"SUB114498_d7"	"265.Blood.RNA-MicroArray.PV4268"	"265"
"227"	"SUB114498.80"	"GSM1147981"	"SUB114498_d0"	NA	"265"
"228"	"SUB114498.80"	"GSM1147985"	"SUB114498_dneg7"	"265.Blood.RNA-MicroArray.PV4267"	"265"
"229"	"SUB114499.80"	"GSM1147988"	"SUB114499_d70"	"267.Blood.RNA-MicroArray.PV4269"	"267"
"230"	"SUB114499.80"	"GSM1147989"	"SUB114499_d7"	"267.Blood.RNA-MicroArray.PV4268"	"267"
"231"	"SUB114499.80"	"GSM1147990"	"SUB114499_dneg7"	"267.Blood.RNA-MicroArray.PV4267"	"267"
"232"	"SUB114499.80"	"GSM1147986"	"SUB114499_d0"	NA	"267"
"233"	"SUB114499.80"	"GSM1147987"	"SUB114499_d1"	NA	"267"
"234"	"SUB114500.80"	"GSM1147993"	"SUB114500_d70"	"268.Blood.RNA-MicroArray.PV4269"	"268"
"235"	"SUB114500.80"	"GSM1147991"	"SUB114500_d0"	NA	"268"
"236"	"SUB114500.80"	"GSM1147995"	"SUB114500_dneg7"	"268.Blood.RNA-MicroArray.PV4267"	"268"
"237"	"SUB114500.80"	"GSM1147992"	"SUB114500_d1"	NA	"268"
"238"	"SUB114500.80"	"GSM1147994"	"SUB114500_d7"	"268.Blood.RNA-MicroArray.PV4268"	"268"
"239"	"SUB114501.80"	"GSM1147997"	"SUB114501_d1"	NA	"270"
"240"	"SUB114501.80"	"GSM1147999"	"SUB114501_d7"	"270.Blood.RNA-MicroArray.PV4268"	"270"
"241"	"SUB114501.80"	"GSM1147998"	"SUB114501_d70"	"270.Blood.RNA-MicroArray.PV4269"	"270"
"242"	"SUB114501.80"	"GSM1148000"	"SUB114501_dneg7"	"270.Blood.RNA-MicroArray.PV4267"	"270"
"243"	"SUB114501.80"	"GSM1147996"	"SUB114501_d0"	NA	"270"
"244"	"SUB114502.80"	"GSM1148003"	"SUB114502_d70"	"272.Blood.RNA-MicroArray.PV4269"	"272"
"245"	"SUB114502.80"	"GSM1148001"	"SUB114502_d0"	NA	"272"
"246"	"SUB114502.80"	"GSM1148004"	"SUB114502_d7"	"272.Blood.RNA-MicroArray.PV4268"	"272"
"247"	"SUB114502.80"	"GSM1148005"	"SUB114502_dneg7"	"272.Blood.RNA-MicroArray.PV4267"	"272"
"248"	"SUB114502.80"	"GSM1148002"	"SUB114502_d1"	NA	"272"
"249"	"SUB114503.80"	"GSM1148008"	"SUB114503_d70"	"273.Blood.RNA-MicroArray.PV4269"	"273"
"250"	"SUB114503.80"	"GSM1148010"	"SUB114503_dneg7"	"273.Blood.RNA-MicroArray.PV4267"	"273"
"251"	"SUB114503.80"	"GSM1148006"	"SUB114503_d0"	NA	"273"
"252"	"SUB114503.80"	"GSM1148009"	"SUB114503_d7"	"273.Blood.RNA-MicroArray.PV4268"	"273"
"253"	"SUB114503.80"	"GSM1148007"	"SUB114503_d1"	NA	"273"
"254"	"SUB114504.80"	"GSM1148012"	"SUB114504_dneg7"	"274.Blood.RNA-MicroArray.PV4267"	"274"
"255"	"SUB114504.80"	"GSM1148011"	"SUB114504_d70"	"274.Blood.RNA-MicroArray.PV4269"	"274"
"256"	"SUB114505.80"	"GSM1148015"	"SUB114505_dneg7"	"275.Blood.RNA-MicroArray.PV4267"	"275"
"257"	"SUB114505.80"	"GSM1148014"	"SUB114505_d1"	NA	"275"
"258"	"SUB114505.80"	"GSM1148013"	"SUB114505_d0"	NA	"275"
"259"	"SUB114506.80"	"GSM1148017"	"SUB114506_d1"	NA	"277"
"260"	"SUB114506.80"	"GSM1148016"	"SUB114506_d0"	NA	"277"
"261"	"SUB114506.80"	"GSM1148018"	"SUB114506_d70"	"277.Blood.RNA-MicroArray.PV4269"	"277"
"262"	"SUB114506.80"	"GSM1148020"	"SUB114506_dneg7"	"277.Blood.RNA-MicroArray.PV4267"	"277"
"263"	"SUB114506.80"	"GSM1148019"	"SUB114506_d7"	"277.Blood.RNA-MicroArray.PV4268"	"277"
"264"	"SUB114507.80"	"GSM1148023"	"SUB114507_d70"	"279.Blood.RNA-MicroArray.PV4269"	"279"
"265"	"SUB114507.80"	"GSM1148024"	"SUB114507_dneg7"	"279.Blood.RNA-MicroArray.PV4267"	"279"
"266"	"SUB114507.80"	"GSM1148022"	"SUB114507_d1"	NA	"279"
"267"	"SUB114507.80"	"GSM1148021"	"SUB114507_d0"	NA	"279"
"268"	"SUB114508.80"	"GSM1148029"	"SUB114508_dneg7"	"280.Blood.RNA-MicroArray.PV4267"	"280"
"269"	"SUB114508.80"	"GSM1148027"	"SUB114508_d70"	"280.Blood.RNA-MicroArray.PV4269"	"280"
"270"	"SUB114508.80"	"GSM1148028"	"SUB114508_d7"	"280.Blood.RNA-MicroArray.PV4268"	"280"
"271"	"SUB114508.80"	"GSM1148026"	"SUB114508_d1"	NA	"280"
"272"	"SUB114508.80"	"GSM1148025"	"SUB114508_d0"	NA	"280"
"273"	"SUB114509.80"	"GSM1148034"	"SUB114509_dneg7"	"281.Blood.RNA-MicroArray.PV4267"	"281"
"274"	"SUB114509.80"	"GSM1148031"	"SUB114509_d1"	NA	"281"
"275"	"SUB114509.80"	"GSM1148030"	"SUB114509_d0"	NA	"281"
"276"	"SUB114509.80"	"GSM1148032"	"SUB114509_d70"	"281.Blood.RNA-MicroArray.PV4269"	"281"
"277"	"SUB114509.80"	"GSM1148033"	"SUB114509_d7"	"281.Blood.RNA-MicroArray.PV4268"	"281"
"278"	"SUB114510.80"	"GSM1148035"	"SUB114510_d0"	NA	"282"
"279"	"SUB114510.80"	"GSM1148036"	"SUB114510_d1"	NA	"282"
"280"	"SUB114510.80"	"GSM1148039"	"SUB114510_dneg7"	"282.Blood.RNA-MicroArray.PV4267"	"282"
"281"	"SUB114510.80"	"GSM1148037"	"SUB114510_d70"	"282.Blood.RNA-MicroArray.PV4269"	"282"
"282"	"SUB114510.80"	"GSM1148038"	"SUB114510_d7"	"282.Blood.RNA-MicroArray.PV4268"	"282"
"283"	"SUB114511.80"	"GSM1148040"	"SUB114511_d0"	NA	"283"
"284"	"SUB114511.80"	"GSM1148042"	"SUB114511_d70"	"283.Blood.RNA-MicroArray.PV4269"	"283"
"285"	"SUB114511.80"	"GSM1148044"	"SUB114511_dneg7"	"283.Blood.RNA-MicroArray.PV4267"	"283"
"286"	"SUB114511.80"	"GSM1148043"	"SUB114511_d7"	"283.Blood.RNA-MicroArray.PV4268"	"283"
"287"	"SUB114511.80"	"GSM1148041"	"SUB114511_d1"	NA	"283"
"288"	"SUB114512.80"	"GSM1148047"	"SUB114512_d70"	"284.Blood.RNA-MicroArray.PV4269"	"284"
"289"	"SUB114512.80"	"GSM1148048"	"SUB114512_d7"	"284.Blood.RNA-MicroArray.PV4268"	"284"
"290"	"SUB114512.80"	"GSM1148045"	"SUB114512_d0"	NA	"284"
"291"	"SUB114512.80"	"GSM1148046"	"SUB114512_d1"	NA	"284"
"292"	"SUB114512.80"	"GSM1148049"	"SUB114512_dneg7"	"284.Blood.RNA-MicroArray.PV4267"	"284"
